{
  "ogmoVersion": "3.3.0",
  "width": 320,
  "height": 240,
  "offsetX": 0,
  "offsetY": 0,
  "layers": [
    {
      "name": "entities",
      "_eid": "24502035",
      "offsetX": 0,
      "offsetY": 0,
      "gridCellWidth": 16,
      "gridCellHeight": 16,
      "gridCellsX": 20,
      "gridCellsY": 15,
      "entities": [
        {"name": "hero", "id": 0, "_eid": "24513438", "x": 48, "y": 176, "originX": 0, "originY": 0},
        {"name": "cow", "id": 1, "_eid": "24516105", "x": 64, "y": 64, "originX": 0, "originY": 0},
        {"name": "cow", "id": 2, "_eid": "24516105", "x": 128, "y": 112, "originX": 0, "originY": 0},
        {"name": "cow", "id": 3, "_eid": "24516105", "x": 160, "y": 176, "originX": 0, "originY": 0},
        {"name": "bandit", "id": 4, "_eid": "24529344", "x": 144, "y": 32, "originX": 0, "originY": 0},
        {"name": "bandit", "id": 5, "_eid": "24529344", "x": 208, "y": 80, "originX": 0, "originY": 0}
      ]
    }
  ]
}