{
  "ogmoVersion": "3.3.0",
  "width": 320,
  "height": 240,
  "offsetX": 0,
  "offsetY": 0,
  "layers": [
    {
      "name": "entities",
      "_eid": "24502035",
      "offsetX": 0,
      "offsetY": 0,
      "gridCellWidth": 16,
      "gridCellHeight": 16,
      "gridCellsX": 20,
      "gridCellsY": 15,
      "entities": [
        {"name": "hero", "id": 0, "_eid": "24513438", "x": 32, "y": 176, "originX": 0, "originY": 0},
        {"name": "cow", "id": 1, "_eid": "24516105", "x": 240, "y": 128, "originX": 0, "originY": 0},
        {"name": "cow", "id": 3, "_eid": "24516105", "x": 112, "y": 128, "originX": 0, "originY": 0},
        {"name": "bandit", "id": 6, "_eid": "24529344", "x": 240, "y": 32, "originX": 0, "originY": 0},
        {"name": "cow", "id": 8, "_eid": "24516105", "x": 176, "y": 128, "originX": 0, "originY": 0},
        {"name": "cow", "id": 9, "_eid": "24516105", "x": 64, "y": 128, "originX": 0, "originY": 0},
        {"name": "bandit", "id": 10, "_eid": "24529344", "x": 288, "y": 32, "originX": 0, "originY": 0}
      ]
    }
  ]
}