{
  "ogmoVersion": "3.3.0",
  "width": 320,
  "height": 240,
  "offsetX": 0,
  "offsetY": 0,
  "layers": [
    {
      "name": "entities",
      "_eid": "24502035",
      "offsetX": 0,
      "offsetY": 0,
      "gridCellWidth": 16,
      "gridCellHeight": 16,
      "gridCellsX": 20,
      "gridCellsY": 15,
      "entities": [
        {"name": "bandit", "id": 5, "_eid": "24529344", "x": 240, "y": 192, "originX": 0, "originY": 0},
        {"name": "bandit", "id": 6, "_eid": "24529344", "x": 64, "y": 192, "originX": 0, "originY": 0},
        {"name": "hero", "id": 7, "_eid": "24513438", "x": 144, "y": 128, "originX": 0, "originY": 0},
        {"name": "bandit", "id": 14, "_eid": "24529344", "x": 272, "y": 160, "originX": 0, "originY": 0},
        {"name": "cow", "id": 15, "_eid": "24516105", "x": 16, "y": 208, "originX": 0, "originY": 0},
        {"name": "bandit", "id": 16, "_eid": "24529344", "x": 32, "y": 160, "originX": 0, "originY": 0},
        {"name": "cow", "id": 17, "_eid": "24516105", "x": 288, "y": 208, "originX": 0, "originY": 0},
        {"name": "cow", "id": 18, "_eid": "24516105", "x": 16, "y": 16, "originX": 0, "originY": 0},
        {"name": "bandit", "id": 19, "_eid": "24529344", "x": 32, "y": 64, "originX": 0, "originY": 0},
        {"name": "bandit", "id": 20, "_eid": "24529344", "x": 64, "y": 32, "originX": 0, "originY": 0},
        {"name": "bandit", "id": 23, "_eid": "24529344", "x": 240, "y": 32, "originX": 0, "originY": 0},
        {"name": "bandit", "id": 24, "_eid": "24529344", "x": 272, "y": 64, "originX": 0, "originY": 0},
        {"name": "cow", "id": 25, "_eid": "24516105", "x": 288, "y": 16, "originX": 0, "originY": 0},
        {"name": "cow", "id": 26, "_eid": "24516105", "x": 144, "y": 96, "originX": 0, "originY": 0},
        {"name": "cow", "id": 27, "_eid": "24516105", "x": 112, "y": 128, "originX": 0, "originY": 0},
        {"name": "cow", "id": 28, "_eid": "24516105", "x": 176, "y": 128, "originX": 0, "originY": 0},
        {"name": "cow", "id": 29, "_eid": "24516105", "x": 144, "y": 160, "originX": 0, "originY": 0}
      ]
    }
  ]
}