{
  "ogmoVersion": "3.3.0",
  "width": 320,
  "height": 240,
  "offsetX": 0,
  "offsetY": 0,
  "layers": [
    {
      "name": "entities",
      "_eid": "24502035",
      "offsetX": 0,
      "offsetY": 0,
      "gridCellWidth": 16,
      "gridCellHeight": 16,
      "gridCellsX": 20,
      "gridCellsY": 15,
      "entities": [
        {"name": "cow", "id": 2, "_eid": "24516105", "x": 80, "y": 112, "originX": 0, "originY": 0},
        {"name": "hero", "id": 6, "_eid": "24513438", "x": 32, "y": 32, "originX": 0, "originY": 0},
        {"name": "bandit", "id": 7, "_eid": "24529344", "x": 256, "y": 176, "originX": 0, "originY": 0},
        {"name": "cow", "id": 11, "_eid": "24516105", "x": 48, "y": 112, "originX": 0, "originY": 0},
        {"name": "cow", "id": 12, "_eid": "24516105", "x": 80, "y": 48, "originX": 0, "originY": 0},
        {"name": "cow", "id": 13, "_eid": "24516105", "x": 48, "y": 80, "originX": 0, "originY": 0},
        {"name": "cow", "id": 14, "_eid": "24516105", "x": 80, "y": 80, "originX": 0, "originY": 0},
        {"name": "cow", "id": 15, "_eid": "24516105", "x": 128, "y": 96, "originX": 0, "originY": 0}
      ]
    }
  ]
}